analysis,icc,between_pct,within_pct
All 6 OPOs,0.9005826560823036,90.05826560823036,9.941734391769641
Excluding OPO6,0.4693274578868388,46.932745788683874,53.067254211316126
Volume-weighted,0.9315646447046477,93.15646447046477,6.843535529535227
OSR 2024 (reference),0.069,6.9,93.1
