analysis,stage,loss,percent
All Referrals,Sorting (Approach),80810.52956982995,65.10205477352588
All Referrals,Authorization,26671.185436301777,21.486667447817815
All Referrals,Procurement,13269.74282996839,10.690284164029672
All Referrals,Placement,3377.5421638998887,2.7209936146266296
MSC Only,Sorting (Approach),76130.8053300655,65.37053579026271
MSC Only,Authorization,23296.443254137284,20.00374186149563
MSC Only,Procurement,13517.038652250229,11.60655079326123
MSC Only,Placement,3516.140094793665,3.0191715549804394
